"FIPS","Region","Table","LineCode","FirstYear","LineTitle","AreaName","2001","2002","2003","2004","2005","2006","2007","2008","2009","2010","2011"
"50000","1","CA25N","10","2001","Total employment","Vermont state total",404860,406906,408720,415436,420451,423778,429113,428265,418742,418355,421906
"50000","1","CA25N","20","2001","  Wage and salary employment","Vermont state total",316450,316121,315057,318731,320101,322438,322306,321435,311317,312230,314778
"50000","1","CA25N","40","2001","  Proprietors employment","Vermont state total",88410,90785,93663,96705,100350,101340,106807,106830,107425,106125,107128
"50000","1","CA25N","50","2001","    Farm proprietors employment","Vermont state total",6658,6865,6509,6197,6008,5824,6309,6344,6312,6327,6332
"50000","1","CA25N","60","2001","    Nonfarm proprietors employment 2/","Vermont state total",81752,83920,87154,90508,94342,95516,100498,100486,101113,99798,100796
"50000","1","CA25N","70","2001","  Farm employment","Vermont state total",9637,9922,9630,8769,8483,8075,8472,8703,8588,8609,8752
"50000","1","CA25N","80","2001","  Nonfarm employment","Vermont state total",395223,396984,399090,406667,411968,415703,420641,419562,410154,409746,413154
"50000","1","CA25N","90","2001","    Private nonfarm employment","Vermont state total",342139,343126,344517,351629,356468,359703,364382,362766,353026,352343,356221
"50000","1","CA25N","100","2001","      Forestry, fishing, and related activities","Vermont state total",3340,3498,3004,3250,3482,3377,3396,3639,3529,3327,3264
"50000","1","CA25N","200","2001","      Mining","Vermont state total",1325,1112,1117,1032,946,1124,1277,1221,1097,1121,1216
"50000","1","CA25N","300","2001","      Utilities","Vermont state total",1717,1754,1794,1788,1778,1814,1851,1847,1861,1898,1883
"50000","1","CA25N","400","2001","      Construction","Vermont state total",28222,27857,29275,31458,32906,33483,33183,31449,29254,28406,28378
"50000","1","CA25N","500","2001","      Manufacturing","Vermont state total",48086,43490,40055,39605,39380,38832,39043,37802,34471,33904,34091
"50000","1","CA25N","600","2001","      Wholesale trade","Vermont state total",11329,11131,11362,11449,11480,11828,11858,11523,10899,10827,10889
"50000","1","CA25N","700","2001","      Retail trade","Vermont state total",48878,49100,48739,49479,49968,49820,49747,49305,47489,46912,46804
"50000","1","CA25N","800","2001","      Transportation and warehousing","Vermont state total",9026,9102,8799,8974,9291,9235,9243,9054,8724,8717,9026
"50000","1","CA25N","900","2001","      Information","Vermont state total",8003,"(D)",7693,7643,7629,7382,7378,7196,6852,6780,6352
"50000","1","CA25N","1000","2001","      Finance and insurance","Vermont state total",13061,13086,13175,13046,12965,13044,13857,13775,14190,13877,14178
"50000","1","CA25N","1100","2001","      Real estate and rental and leasing","Vermont state total",10985,10901,11164,12004,13140,13263,13795,14028,13910,14484,14712
"50000","1","CA25N","1200","2001","      Professional, scientific, and technical services","Vermont state total",22619,22500,22705,23816,24426,24691,25958,26212,25693,26216,26398
"50000","1","CA25N","1300","2001","      Management of companies and enterprises","Vermont state total",435,470,398,440,453,330,333,939,994,1118,1636
"50000","1","CA25N","1400","2001","      Administrative and waste management services","Vermont state total",13545,13836,14293,15029,15314,15690,15897,16225,15998,16225,17399
"50000","1","CA25N","1500","2001","      Educational services","Vermont state total",15395,16789,16485,16626,16617,16996,16766,16723,16667,16932,17416
"50000","1","CA25N","1600","2001","      Health care and social assistance","Vermont state total",43637,46108,48176,49180,49991,51247,53218,54452,55261,55021,55235
"50000","1","CA25N","1700","2001","      Arts, entertainment, and recreation","Vermont state total",8977,9530,9618,9792,10001,10279,10543,10790,10640,10832,11046
"50000","1","CA25N","1800","2001","      Accommodation and food services","Vermont state total",31602,31711,31645,31914,31769,32158,31577,31570,30742,31502,31762
"50000","1","CA25N","1900","2001","      Other services, except public administration","Vermont state total",21957,"(D)",25020,25104,24932,25110,25462,25016,24755,24244,24536
"50000","1","CA25N","2000","2001","    Government and government enterprises","Vermont state total",53084,53858,54573,55038,55500,56000,56259,56796,57128,57403,56933
"50000","1","CA25N","2001","2001","      Federal, civilian","Vermont state total",5634,5786,6284,6290,6120,6015,5963,6264,6634,6812,6472
"50000","1","CA25N","2002","2001","      Military","Vermont state total",4445,4411,4460,4319,4037,3985,4009,4120,4166,4318,4330
"50000","1","CA25N","2010","2001","      State and local","Vermont state total",43005,43661,43829,44429,45343,46000,46287,46412,46328,46273,46131
"50000","1","CA25N","2011","2001","        State government","Vermont state total",15727,15641,15433,15799,16051,16391,16686,16713,16252,16009,16051
"50000","1","CA25N","2012","2001","        Local government","Vermont state total",27278,28020,28396,28630,29292,29609,29601,29699,30076,30264,30080
"50001","1","CA25N","10","2001","Total employment","Addison, VT ",22900,23214,23647,23688,24165,25060,25476,25318,24656,24062,24418
"50001","1","CA25N","20","2001","  Wage and salary employment","Addison, VT ",15837,16167,16352,16120,16232,17033,17009,16831,16128,15685,15981
"50001","1","CA25N","40","2001","  Proprietors employment","Addison, VT ",7063,7047,7295,7568,7933,8027,8467,8487,8528,8377,8437
"50001","1","CA25N","50","2001","    Farm proprietors employment","Addison, VT ",711,727,684,659,643,632,694,701,695,696,697
"50001","1","CA25N","60","2001","    Nonfarm proprietors employment 2/","Addison, VT ",6352,6320,6611,6909,7290,7395,7773,7786,7833,7681,7740
"50001","1","CA25N","70","2001","  Farm employment","Addison, VT ",1290,1286,1272,1159,1139,1097,1153,1204,1179,1182,1214
"50001","1","CA25N","80","2001","  Nonfarm employment","Addison, VT ",21610,21928,22375,22529,23026,23963,24323,24114,23477,22880,23204
"50001","1","CA25N","90","2001","    Private nonfarm employment","Addison, VT ",19441,19768,20072,20230,20726,21617,21975,21896,21307,20708,21066
"50001","1","CA25N","100","2001","      Forestry, fishing, and related activities","Addison, VT ",307,333,299,328,341,334,318,316,302,290,287
"50001","1","CA25N","200","2001","      Mining","Addison, VT ",93,68,74,67,41,43,55,47,32,28,31
"50001","1","CA25N","300","2001","      Utilities","Addison, VT ","(D)","(D)","(D)","(D)","(D)","(D)","(D)","(D)","(D)","(D)","(D)"
"50001","1","CA25N","400","2001","      Construction","Addison, VT ",1936,"(D)",1985,2075,2212,2223,2228,2170,1982,1972,1985
"50001","1","CA25N","500","2001","      Manufacturing","Addison, VT ",2478,2338,2247,2232,2259,2448,2448,2299,2122,2058,2206
"50001","1","CA25N","600","2001","      Wholesale trade","Addison, VT ",400,382,368,353,395,436,"(D)","(D)","(D)","(D)","(D)"
"50001","1","CA25N","700","2001","      Retail trade","Addison, VT ",2565,2516,2458,2661,2758,2883,2966,2945,2719,2577,2586
"50001","1","CA25N","800","2001","      Transportation and warehousing","Addison, VT ","(D)","(D)","(D)","(D)","(D)","(D)",450,461,491,524,539
"50001","1","CA25N","900","2001","      Information","Addison, VT ",194,181,184,191,192,194,192,189,164,177,173
"50001","1","CA25N","1000","2001","      Finance and insurance","Addison, VT ",566,580,592,545,542,550,600,613,649,651,672
"50001","1","CA25N","1100","2001","      Real estate and rental and leasing","Addison, VT ",575,578,604,640,696,665,672,742,779,"(D)",801
"50001","1","CA25N","1200","2001","      Professional, scientific, and technical services","Addison, VT ","(D)","(D)","(D)","(D)",1365,1394,1499,1506,1481,1448,1409
"50001","1","CA25N","1300","2001","      Management of companies and enterprises","Addison, VT ",0,0,0,0,0,0,0,0,0,"(D)","(D)"
"50001","1","CA25N","1400","2001","      Administrative and waste management services","Addison, VT ","(D)",589,628,637,662,714,746,735,759,"(D)","(D)"
"50001","1","CA25N","1500","2001","      Educational services","Addison, VT ",2471,2749,2804,2529,2514,2713,"(D)","(D)",2605,2544,2651
"50001","1","CA25N","1600","2001","      Health care and social assistance","Addison, VT ",2369,2544,2664,2735,2794,2911,"(D)","(D)","(D)","(D)",3081
"50001","1","CA25N","1700","2001","      Arts, entertainment, and recreation","Addison, VT ",590,616,619,626,654,671,684,687,642,723,749
"50001","1","CA25N","1800","2001","      Accommodation and food services","Addison, VT ",1332,1352,1390,1353,1308,1374,1309,1272,1258,1221,1152
"50001","1","CA25N","1900","2001","      Other services, except public administration","Addison, VT ",1329,1418,1523,1552,1543,1574,1635,1623,1662,1587,1621
"50001","1","CA25N","2000","2001","    Government and government enterprises","Addison, VT ",2169,2160,2303,2299,2300,2346,2348,2218,2170,2172,2138
"50001","1","CA25N","2001","2001","      Federal, civilian","Addison, VT ",140,141,144,141,133,133,129,123,119,134,119
"50001","1","CA25N","2002","2001","      Military","Addison, VT ",258,256,258,251,232,229,231,237,239,248,247
"50001","1","CA25N","2010","2001","      State and local","Addison, VT ",1771,1763,1901,1907,1935,1984,1988,1858,1812,1790,1772
"50001","1","CA25N","2011","2001","        State government","Addison, VT ",200,190,192,168,167,186,191,172,164,153,157
"50001","1","CA25N","2012","2001","        Local government","Addison, VT ",1571,1573,1709,1739,1768,1798,1797,1686,1648,1637,1615
"50003","1","CA25N","10","2001","Total employment","Bennington, VT ",26244,26098,25809,25999,26384,26885,27107,26671,25467,25149,25030
"50003","1","CA25N","20","2001","  Wage and salary employment","Bennington, VT ",20211,19927,19398,19309,19370,19870,19812,19703,18526,18445,18268
"50003","1","CA25N","40","2001","  Proprietors employment","Bennington, VT ",6033,6171,6411,6690,7014,7015,7295,6968,6941,6704,6762
"50003","1","CA25N","50","2001","    Farm proprietors employment","Bennington, VT ",214,225,213,200,193,185,197,196,196,197,197
"50003","1","CA25N","60","2001","    Nonfarm proprietors employment 2/","Bennington, VT ",5819,5946,6198,6490,6821,6830,7098,6772,6745,6507,6565
"50003","1","CA25N","70","2001","  Farm employment","Bennington, VT ",300,313,303,273,263,248,257,261,259,260,264
"50003","1","CA25N","80","2001","  Nonfarm employment","Bennington, VT ",25944,25785,25506,25726,26121,26637,26850,26410,25208,24889,24766
"50003","1","CA25N","90","2001","    Private nonfarm employment","Bennington, VT ",23467,23289,23021,23475,23817,24266,24457,23944,22691,22419,22361
"50003","1","CA25N","100","2001","      Forestry, fishing, and related activities","Bennington, VT ","(D)","(D)",140,144,152,156,"(D)","(D)","(D)","(D)","(D)"
"50003","1","CA25N","200","2001","      Mining","Bennington, VT ","(D)",10,12,10,"(L)",10,"(D)","(D)","(D)","(D)","(D)"
"50003","1","CA25N","300","2001","      Utilities","Bennington, VT ",39,36,36,"(D)","(D)","(D)","(D)","(D)","(D)","(D)","(D)"
"50003","1","CA25N","400","2001","      Construction","Bennington, VT ",1800,"(D)",1824,1910,2038,2137,2102,2012,1811,1708,1661
"50003","1","CA25N","500","2001","      Manufacturing","Bennington, VT ",3601,3286,2942,2799,2849,3017,3148,2816,2530,2584,2573
"50003","1","CA25N","600","2001","      Wholesale trade","Bennington, VT ",598,424,359,353,393,404,411,425,278,275,261
"50003","1","CA25N","700","2001","      Retail trade","Bennington, VT ",4009,3950,3992,4135,4092,4073,3976,3766,3652,3498,3429
"50003","1","CA25N","800","2001","      Transportation and warehousing","Bennington, VT ",319,326,301,"(D)","(D)","(D)","(D)","(D)","(D)","(D)","(D)"
"50003","1","CA25N","900","2001","      Information","Bennington, VT ",572,560,502,494,485,481,519,514,494,471,429
"50003","1","CA25N","1000","2001","      Finance and insurance","Bennington, VT ",534,578,596,642,627,632,697,698,743,660,683
"50003","1","CA25N","1100","2001","      Real estate and rental and leasing","Bennington, VT ",920,887,885,1010,1098,1069,1096,1050,1021,1036,1047
"50003","1","CA25N","1200","2001","      Professional, scientific, and technical services","Bennington, VT ","(D)",1157,1135,1152,1198,1195,1265,1269,1178,"(D)","(D)"
"50003","1","CA25N","1300","2001","      Management of companies and enterprises","Bennington, VT ","(D)",34,25,29,35,29,28,"(D)","(D)","(D)","(D)"
"50003","1","CA25N","1400","2001","      Administrative and waste management services","Bennington, VT ",966,968,970,1046,1127,1116,1095,"(D)","(D)","(D)",1132
"50003","1","CA25N","1500","2001","      Educational services","Bennington, VT ",1170,1370,1280,1321,1373,1395,1435,1403,1342,1389,1401
"50003","1","CA25N","1600","2001","      Health care and social assistance","Bennington, VT ",3149,3298,3432,3474,3548,3605,3589,3581,3579,3500,3433
"50003","1","CA25N","1700","2001","      Arts, entertainment, and recreation","Bennington, VT ",821,862,848,856,806,846,884,887,861,876,880
"50003","1","CA25N","1800","2001","      Accommodation and food services","Bennington, VT ",2202,2173,2137,2186,2084,2200,2124,2049,1882,1871,1929
"50003","1","CA25N","1900","2001","      Other services, except public administration","Bennington, VT ",1396,1482,1605,1596,1578,1554,1540,1510,1491,1461,1473
"50003","1","CA25N","2000","2001","    Government and government enterprises","Bennington, VT ",2477,2496,2485,2251,2304,2371,2393,2466,2517,2470,2405
"50003","1","CA25N","2001","2001","      Federal, civilian","Bennington, VT ",134,128,132,134,131,128,127,160,192,201,173
"50003","1","CA25N","2002","2001","      Military","Bennington, VT ",263,260,261,252,233,229,230,239,241,250,249
"50003","1","CA25N","2010","2001","      State and local","Bennington, VT ",2080,2108,2092,1865,1940,2014,2036,2067,2084,2019,1983
"50003","1","CA25N","2011","2001","        State government","Bennington, VT ",663,649,654,446,447,481,485,493,492,490,486
"50003","1","CA25N","2012","2001","        Local government","Bennington, VT ",1417,1459,1438,1419,1493,1533,1551,1574,1592,1529,1497
"50005","1","CA25N","10","2001","Total employment","Caledonia, VT ",17447,17717,17874,18291,18632,18831,19156,19217,18491,18196,18333
"50005","1","CA25N","20","2001","  Wage and salary employment","Caledonia, VT ",12294,12281,12377,12595,12602,12780,12836,12897,12187,12099,12213
"50005","1","CA25N","40","2001","  Proprietors employment","Caledonia, VT ",5153,5436,5497,5696,6030,6051,6320,6320,6304,6097,6120
"50005","1","CA25N","50","2001","    Farm proprietors employment","Caledonia, VT ",524,535,513,490,476,463,500,504,501,502,502
"50005","1","CA25N","60","2001","    Nonfarm proprietors employment 2/","Caledonia, VT ",4629,4901,4984,5206,5554,5588,5820,5816,5803,5595,5618
"50005","1","CA25N","70","2001","  Farm employment","Caledonia, VT ",664,681,657,605,584,557,587,599,592,593,598
"50005","1","CA25N","80","2001","  Nonfarm employment","Caledonia, VT ",16783,17036,17217,17686,18048,18274,18569,18618,17899,17603,17735
"50005","1","CA25N","90","2001","    Private nonfarm employment","Caledonia, VT ",14627,14875,15068,15515,15873,16037,16339,16281,15571,15281,15453
"50005","1","CA25N","100","2001","      Forestry, fishing, and related activities","Caledonia, VT ",438,453,380,407,466,433,432,"(D)","(D)","(D)","(D)"
"50005","1","CA25N","200","2001","      Mining","Caledonia, VT ",34,23,24,24,23,26,31,"(D)","(D)","(D)","(D)"
"50005","1","CA25N","300","2001","      Utilities","Caledonia, VT ",49,48,50,54,55,56,58,58,"(D)","(D)","(D)"
"50005","1","CA25N","400","2001","      Construction","Caledonia, VT ",1555,1556,1640,1756,1755,1842,1844,1815,1680,1652,1645
"50005","1","CA25N","500","2001","      Manufacturing","Caledonia, VT ",2240,2082,1979,2012,2041,2077,2171,2117,1815,1725,1703
"50005","1","CA25N","600","2001","      Wholesale trade","Caledonia, VT ",287,363,383,392,416,394,363,324,"(D)","(D)","(D)"
"50005","1","CA25N","700","2001","      Retail trade","Caledonia, VT ",2257,2152,2150,2207,2235,2237,2281,2244,2200,2077,2159
"50005","1","CA25N","800","2001","      Transportation and warehousing","Caledonia, VT ",507,519,519,542,544,558,553,495,455,442,446
"50005","1","CA25N","900","2001","      Information","Caledonia, VT ",322,315,318,320,370,358,345,310,283,294,298
"50005","1","CA25N","1000","2001","      Finance and insurance","Caledonia, VT ",441,485,480,461,462,471,503,485,489,466,476
"50005","1","CA25N","1100","2001","      Real estate and rental and leasing","Caledonia, VT ",368,388,381,"(D)","(D)",466,477,520,526,528,542
"50005","1","CA25N","1200","2001","      Professional, scientific, and technical services","Caledonia, VT ",658,657,686,719,819,837,882,"(D)",905,868,892
"50005","1","CA25N","1300","2001","      Management of companies and enterprises","Caledonia, VT ","(D)","(D)","(D)","(D)",14,12,"(D)","(D)",21,23,"(D)"
"50005","1","CA25N","1400","2001","      Administrative and waste management services","Caledonia, VT ","(D)","(D)","(D)","(D)","(D)",567,"(D)","(D)",603,606,"(D)"
"50005","1","CA25N","1500","2001","      Educational services","Caledonia, VT ",574,644,691,743,765,779,870,904,885,927,955
"50005","1","CA25N","1600","2001","      Health care and social assistance","Caledonia, VT ",2005,2142,2210,2251,2191,2254,2316,2353,2330,2357,2347
"50005","1","CA25N","1700","2001","      Arts, entertainment, and recreation","Caledonia, VT ",288,316,307,297,336,433,447,455,441,429,462
"50005","1","CA25N","1800","2001","      Accommodation and food services","Caledonia, VT ",1090,1081,1095,1107,1093,976,941,907,856,902,943
"50005","1","CA25N","1900","2001","      Other services, except public administration","Caledonia, VT ",1064,1146,1241,1269,1263,1261,1246,1217,1192,1163,1159
"50005","1","CA25N","2000","2001","    Government and government enterprises","Caledonia, VT ",2156,2161,2149,2171,2175,2237,2230,2337,2328,2322,2282
"50005","1","CA25N","2001","2001","      Federal, civilian","Caledonia, VT ",108,107,115,113,109,117,121,122,124,133,103
"50005","1","CA25N","2002","2001","      Military","Caledonia, VT ",212,211,213,208,194,193,192,200,203,210,210
"50005","1","CA25N","2010","2001","      State and local","Caledonia, VT ",1836,1843,1821,1850,1872,1927,1917,2015,2001,1979,1969
"50005","1","CA25N","2011","2001","        State government","Caledonia, VT ",619,612,607,625,635,673,682,715,699,679,665
"50005","1","CA25N","2012","2001","        Local government","Caledonia, VT ",1217,1231,1214,1225,1237,1254,1235,1300,1302,1300,1304
"50007","1","CA25N","10","2001","Total employment","Chittenden, VT ",120008,119087,119354,121528,122241,122890,124362,124922,123055,124767,127531
"50007","1","CA25N","20","2001","  Wage and salary employment","Chittenden, VT ",102004,100789,100231,101904,101713,102044,102206,101958,99715,101028,103448
"50007","1","CA25N","40","2001","  Proprietors employment","Chittenden, VT ",18004,18298,19123,19624,20528,20846,22156,22964,23340,23739,24083
"50007","1","CA25N","50","2001","    Farm proprietors employment","Chittenden, VT ",478,486,475,466,466,465,518,520,518,519,519
"50007","1","CA25N","60","2001","    Nonfarm proprietors employment 2/","Chittenden, VT ",17526,17812,18648,19158,20062,20381,21638,22444,22822,23220,23564
"50007","1","CA25N","70","2001","  Farm employment","Chittenden, VT ",693,707,689,633,617,594,634,646,640,641,648
"50007","1","CA25N","80","2001","  Nonfarm employment","Chittenden, VT ",119315,118380,118665,120895,121624,122296,123728,124276,122415,124126,126883
"50007","1","CA25N","90","2001","    Private nonfarm employment","Chittenden, VT ",104509,103321,103392,105246,105829,106398,107636,107920,105728,107333,109941
"50007","1","CA25N","100","2001","      Forestry, fishing, and related activities","Chittenden, VT ",181,203,180,208,"(D)",227,240,262,237,225,220
"50007","1","CA25N","200","2001","      Mining","Chittenden, VT ",102,84,95,84,"(D)",91,119,100,69,70,77
"50007","1","CA25N","300","2001","      Utilities","Chittenden, VT ",245,"(D)","(D)","(D)","(D)","(D)","(D)","(D)","(D)","(D)","(D)"
"50007","1","CA25N","400","2001","      Construction","Chittenden, VT ",7323,6861,7219,7825,7877,7879,7787,7364,6748,6623,6907
"50007","1","CA25N","500","2001","      Manufacturing","Chittenden, VT ",16957,14758,13205,12734,12471,12216,12222,12227,11157,11373,11296
"50007","1","CA25N","600","2001","      Wholesale trade","Chittenden, VT ",3651,3623,3871,3966,3935,3929,3881,3759,3559,3654,3750
"50007","1","CA25N","700","2001","      Retail trade","Chittenden, VT ",14297,14689,14597,14502,14685,14510,14457,14655,14218,14679,14856
"50007","1","CA25N","800","2001","      Transportation and warehousing","Chittenden, VT ",2886,"(D)","(D)","(D)","(D)","(D)","(D)","(D)","(D)","(D)","(D)"
"50007","1","CA25N","900","2001","      Information","Chittenden, VT ",3024,2900,2874,2859,2839,2777,2840,2707,2615,2589,2484
"50007","1","CA25N","1000","2001","      Finance and insurance","Chittenden, VT ",4758,4831,4840,4737,4657,4606,4889,4733,4901,4799,4946
"50007","1","CA25N","1100","2001","      Real estate and rental and leasing","Chittenden, VT ",3353,3197,3327,3545,3849,3894,4083,4068,4037,4213,4286
"50007","1","CA25N","1200","2001","      Professional, scientific, and technical services","Chittenden, VT ",9288,9147,9141,9543,9692,9729,10239,10682,10581,11067,11306
"50007","1","CA25N","1300","2001","      Management of companies and enterprises","Chittenden, VT ","(D)",184,176,189,189,184,187,287,342,364,602
"50007","1","CA25N","1400","2001","      Administrative and waste management services","Chittenden, VT ","(D)",4336,4719,5040,5230,5263,4891,4821,4680,4994,5840
"50007","1","CA25N","1500","2001","      Educational services","Chittenden, VT ",4177,4421,4206,4277,4194,4123,3955,3969,4039,4057,4221
"50007","1","CA25N","1600","2001","      Health care and social assistance","Chittenden, VT ",13645,14452,15032,15435,15797,16452,17109,17688,18175,18066,18033
"50007","1","CA25N","1700","2001","      Arts, entertainment, and recreation","Chittenden, VT ",3018,3194,3165,3168,3228,3317,3402,3491,3400,3376,3510
"50007","1","CA25N","1800","2001","      Accommodation and food services","Chittenden, VT ",7213,7354,7320,7712,7549,7933,7953,7852,7970,8373,8598
"50007","1","CA25N","1900","2001","      Other services, except public administration","Chittenden, VT ",5657,"(D)",6296,6233,6127,6199,6279,6218,6115,5989,6118
"50007","1","CA25N","2000","2001","    Government and government enterprises","Chittenden, VT ",14806,15059,15273,15649,15795,15898,16092,16356,16687,16793,16942
"50007","1","CA25N","2001","2001","      Federal, civilian","Chittenden, VT ",1802,1852,2109,2047,1928,1886,1927,2090,2248,2333,2319
"50007","1","CA25N","2002","2001","      Military","Chittenden, VT ",1089,1080,1092,1053,999,993,998,1045,1061,1105,1123
"50007","1","CA25N","2010","2001","      State and local","Chittenden, VT ",11915,12127,12072,12549,12868,13019,13167,13221,13378,13355,13500
"50007","1","CA25N","2011","2001","        State government","Chittenden, VT ",5750,5774,5557,5853,6010,6200,6296,6263,6191,6123,6197
"50007","1","CA25N","2012","2001","        Local government","Chittenden, VT ",6165,6353,6515,6696,6858,6819,6871,6958,7187,7232,7303
"50009","1","CA25N","10","2001","Total employment","Essex, VT ",2655,2446,2333,2414,2544,2528,2459,2340,2244,2143,2038
"50009","1","CA25N","20","2001","  Wage and salary employment","Essex, VT ",1909,1675,1566,1646,1736,1690,1555,1474,1406,1300,1192
"50009","1","CA25N","40","2001","  Proprietors employment","Essex, VT ",746,771,767,768,808,838,904,866,838,843,846
"50009","1","CA25N","50","2001","    Farm proprietors employment","Essex, VT ",101,106,99,91,85,80,85,85,85,85,85
"50009","1","CA25N","60","2001","    Nonfarm proprietors employment 2/","Essex, VT ",645,665,668,677,723,758,819,781,753,758,761
"50009","1","CA25N","70","2001","  Farm employment","Essex, VT ",139,144,141,128,123,117,122,126,124,124,126
"50009","1","CA25N","80","2001","  Nonfarm employment","Essex, VT ",2516,2302,2192,2286,2421,2411,2337,2214,2120,2019,1912
"50009","1","CA25N","90","2001","    Private nonfarm employment","Essex, VT ",2095,1892,1779,1823,1954,1964,1889,1766,1656,1567,1472
"50009","1","CA25N","100","2001","      Forestry, fishing, and related activities","Essex, VT ",130,140,116,146,147,"(D)","(D)","(D)","(D)","(D)","(D)"
"50009","1","CA25N","200","2001","      Mining","Essex, VT ",0,0,0,0,0,"(D)","(D)","(D)","(D)","(D)","(D)"
"50009","1","CA25N","300","2001","      Utilities","Essex, VT ","(L)","(L)","(D)","(D)","(D)","(D)","(D)","(D)","(D)","(D)","(D)"
"50009","1","CA25N","400","2001","      Construction","Essex, VT ",159,160,162,176,186,185,196,"(D)","(D)","(D)","(D)"
"50009","1","CA25N","500","2001","      Manufacturing","Essex, VT ",972,740,"(D)",628,682,"(D)",581,479,"(D)","(D)","(D)"
"50009","1","CA25N","600","2001","      Wholesale trade","Essex, VT ","(D)","(D)","(D)",11,"(D)","(D)","(D)","(D)","(D)","(D)","(D)"
"50009","1","CA25N","700","2001","      Retail trade","Essex, VT ",152,158,159,168,198,191,186,172,178,168,170
"50009","1","CA25N","800","2001","      Transportation and warehousing","Essex, VT ","(D)","(D)",102,"(D)",105,92,86,84,89,96,93
"50009","1","CA25N","900","2001","      Information","Essex, VT ","(D)","(D)","(D)","(D)","(D)","(D)","(D)","(D)","(D)","(D)","(D)"
"50009","1","CA25N","1000","2001","      Finance and insurance","Essex, VT ",21,"(D)","(D)","(D)","(D)","(D)","(D)","(D)","(D)","(D)",43
"50009","1","CA25N","1100","2001","      Real estate and rental and leasing","Essex, VT ","(D)","(D)",34,33,37,39,43,49,42,59,"(D)"
"50009","1","CA25N","1200","2001","      Professional, scientific, and technical services","Essex, VT ",37,37,46,49,54,57,59,55,60,"(D)","(D)"
"50009","1","CA25N","1300","2001","      Management of companies and enterprises","Essex, VT ",0,0,0,0,0,0,0,"(D)","(D)","(D)","(D)"
"50009","1","CA25N","1400","2001","      Administrative and waste management services","Essex, VT ",74,88,57,52,"(D)","(D)","(D)","(D)","(D)",88,98
"50009","1","CA25N","1500","2001","      Educational services","Essex, VT ","(L)","(L)","(L)","(L)","(L)","(D)","(D)","(D)","(D)","(D)","(D)"
"50009","1","CA25N","1600","2001","      Health care and social assistance","Essex, VT ","(D)","(D)","(D)","(D)","(D)","(D)","(D)","(D)","(D)","(D)","(D)"
"50009","1","CA25N","1700","2001","      Arts, entertainment, and recreation","Essex, VT ","(D)","(D)","(D)","(D)","(D)","(D)","(D)",27,30,"(D)","(D)"
"50009","1","CA25N","1800","2001","      Accommodation and food services","Essex, VT ","(D)",121,135,"(D)","(D)",141,107,"(D)","(D)","(D)","(D)"
"50009","1","CA25N","1900","2001","      Other services, except public administration","Essex, VT ",133,134,146,142,151,169,192,170,161,159,163
"50009","1","CA25N","2000","2001","    Government and government enterprises","Essex, VT ",421,410,413,463,467,447,448,448,464,452,440
"50009","1","CA25N","2001","2001","      Federal, civilian","Essex, VT ",60,68,82,89,86,87,87,96,105,103,94
"50009","1","CA25N","2002","2001","      Military","Essex, VT ",46,46,46,45,41,40,41,41,41,42,42
"50009","1","CA25N","2010","2001","      State and local","Essex, VT ",315,296,285,329,340,320,320,311,318,307,304
"50009","1","CA25N","2011","2001","        State government","Essex, VT ","(D)","(D)","(D)","(D)","(D)","(D)","(D)","(D)","(D)","(D)","(D)"
"50009","1","CA25N","2012","2001","        Local government","Essex, VT ","(D)","(D)","(D)","(D)","(D)","(D)","(D)","(D)","(D)","(D)","(D)"
"50011","1","CA25N","10","2001","Total employment","Franklin, VT ",22045,22466,22819,22990,23385,23509,24294,24736,24409,24530,24387
"50011","1","CA25N","20","2001","  Wage and salary employment","Franklin, VT ",16323,16490,16737,16847,16949,16956,17319,17729,17371,17578,17394
"50011","1","CA25N","40","2001","  Proprietors employment","Franklin, VT ",5722,5976,6082,6143,6436,6553,6975,7007,7038,6952,6993
"50011","1","CA25N","50","2001","    Farm proprietors employment","Franklin, VT ",800,815,758,708,674,640,680,685,682,683,684
"50011","1","CA25N","60","2001","    Nonfarm proprietors employment 2/","Franklin, VT ",4922,5161,5324,5435,5762,5913,6295,6322,6356,6269,6309
"50011","1","CA25N","70","2001","  Farm employment","Franklin, VT ",1241,1258,1231,1115,1081,1026,1066,1106,1088,1092,1118
"50011","1","CA25N","80","2001","  Nonfarm employment","Franklin, VT ",20804,21208,21588,21875,22304,22483,23228,23630,23321,23438,23269
"50011","1","CA25N","90","2001","    Private nonfarm employment","Franklin, VT ",17367,17653,17829,18043,18327,18361,19118,19388,18975,19030,18912
"50011","1","CA25N","100","2001","      Forestry, fishing, and related activities","Franklin, VT ","(D)","(D)","(D)",211,"(D)","(D)","(D)","(D)","(D)","(D)","(D)"
"50011","1","CA25N","200","2001","      Mining","Franklin, VT ","(D)","(D)","(D)",31,"(D)","(D)","(D)","(D)","(D)","(D)","(D)"
"50011","1","CA25N","300","2001","      Utilities","Franklin, VT ","(D)","(D)","(D)","(D)","(D)","(D)","(D)","(D)","(D)","(D)","(D)"
"50011","1","CA25N","400","2001","      Construction","Franklin, VT ",1367,1367,1446,1489,1638,1734,1767,1706,1625,1542,1561
"50011","1","CA25N","500","2001","      Manufacturing","Franklin, VT ",3182,3137,3010,2969,3065,3006,3057,3060,3065,2943,2845
"50011","1","CA25N","600","2001","      Wholesale trade","Franklin, VT ",763,697,673,656,709,778,839,868,822,765,"(D)"
"50011","1","CA25N","700","2001","      Retail trade","Franklin, VT ",2941,2893,2816,2759,2791,2715,2721,2776,2673,2839,2790
"50011","1","CA25N","800","2001","      Transportation and warehousing","Franklin, VT ","(D)","(D)","(D)","(D)","(D)","(D)","(D)","(D)","(D)","(D)",967
"50011","1","CA25N","900","2001","      Information","Franklin, VT ",683,663,698,781,708,662,641,659,579,546,289
"50011","1","CA25N","1000","2001","      Finance and insurance","Franklin, VT ",518,447,437,440,468,472,525,529,550,552,561
"50011","1","CA25N","1100","2001","      Real estate and rental and leasing","Franklin, VT ",471,471,490,569,643,689,734,678,692,662,678
"50011","1","CA25N","1200","2001","      Professional, scientific, and technical services","Franklin, VT ",619,628,654,682,703,715,784,"(D)","(D)","(D)","(D)"
"50011","1","CA25N","1300","2001","      Management of companies and enterprises","Franklin, VT ","(D)","(D)",15,17,19,17,18,29,32,"(D)","(D)"
"50011","1","CA25N","1400","2001","      Administrative and waste management services","Franklin, VT ","(D)","(D)",659,664,634,661,909,1086,1045,1147,1261
"50011","1","CA25N","1500","2001","      Educational services","Franklin, VT ",325,357,369,394,304,156,171,169,169,158,170
"50011","1","CA25N","1600","2001","      Health care and social assistance","Franklin, VT ",2369,2490,2657,2732,2785,2841,2926,2974,2989,3046,2986
"50011","1","CA25N","1700","2001","      Arts, entertainment, and recreation","Franklin, VT ",288,287,286,289,305,309,293,312,305,297,300
"50011","1","CA25N","1800","2001","      Accommodation and food services","Franklin, VT ",1044,1055,1094,1073,1065,1095,1178,1118,1096,1135,1170
"50011","1","CA25N","1900","2001","      Other services, except public administration","Franklin, VT ",1276,1396,1510,1488,1491,1517,1558,1498,1500,1484,1495
"50011","1","CA25N","2000","2001","    Government and government enterprises","Franklin, VT ",3437,3555,3759,3832,3977,4122,4110,4242,4346,4408,4357
"50011","1","CA25N","2001","2001","      Federal, civilian","Franklin, VT ",769,897,1052,1123,1105,1028,984,1079,1164,1149,1112
"50011","1","CA25N","2002","2001","      Military","Franklin, VT ",328,327,332,324,302,299,302,305,309,322,324
"50011","1","CA25N","2010","2001","      State and local","Franklin, VT ",2340,2331,2375,2385,2570,2795,2824,2858,2873,2937,2921
"50011","1","CA25N","2011","2001","        State government","Franklin, VT ",418,399,403,378,381,427,437,450,443,430,423
"50011","1","CA25N","2012","2001","        Local government","Franklin, VT ",1922,1932,1972,2007,2189,2368,2387,2408,2430,2507,2498
"50013","1","CA25N","10","2001","Total employment","Grand Isle, VT ",2287,2374,2442,2506,2582,2611,2698,2677,2681,2802,2763
"50013","1","CA25N","20","2001","  Wage and salary employment","Grand Isle, VT ",1175,1196,1239,1346,1356,1350,1347,1307,1302,1365,1305
"50013","1","CA25N","40","2001","  Proprietors employment","Grand Isle, VT ",1112,1178,1203,1160,1226,1261,1351,1370,1379,1437,1458
"50013","1","CA25N","50","2001","    Farm proprietors employment","Grand Isle, VT ",105,105,99,97,94,93,102,103,103,103,103
"50013","1","CA25N","60","2001","    Nonfarm proprietors employment 2/","Grand Isle, VT ",1007,1073,1104,1063,1132,1168,1249,1267,1276,1334,1355
"50013","1","CA25N","70","2001","  Farm employment","Grand Isle, VT ",196,203,191,165,153,141,141,146,144,144,146
"50013","1","CA25N","80","2001","  Nonfarm employment","Grand Isle, VT ",2091,2171,2251,2341,2429,2470,2557,2531,2537,2658,2617
"50013","1","CA25N","90","2001","    Private nonfarm employment","Grand Isle, VT ",1754,1824,1899,1967,2043,2088,2173,2169,2175,2292,2254
"50013","1","CA25N","100","2001","      Forestry, fishing, and related activities","Grand Isle, VT ","(D)","(D)","(D)","(D)","(D)","(D)","(D)","(D)","(D)","(D)","(D)"
"50013","1","CA25N","200","2001","      Mining","Grand Isle, VT ",14,"(D)","(D)","(D)","(D)","(D)","(D)","(D)","(D)","(D)",44
"50013","1","CA25N","300","2001","      Utilities","Grand Isle, VT ",0,0,0,"(D)","(D)","(D)","(D)","(D)","(D)","(D)","(D)"
"50013","1","CA25N","400","2001","      Construction","Grand Isle, VT ",291,292,325,391,416,438,418,"(D)","(D)","(D)","(D)"
"50013","1","CA25N","500","2001","      Manufacturing","Grand Isle, VT ",73,79,"(D)","(D)","(D)","(D)",89,66,"(D)","(D)","(D)"
"50013","1","CA25N","600","2001","      Wholesale trade","Grand Isle, VT ",19,"(L)","(D)","(D)","(D)","(D)","(D)","(D)","(D)","(D)","(D)"
"50013","1","CA25N","700","2001","      Retail trade","Grand Isle, VT ",270,299,296,314,321,319,330,311,312,303,303
"50013","1","CA25N","800","2001","      Transportation and warehousing","Grand Isle, VT ",95,84,"(D)",95,89,89,101,"(D)",122,118,129
"50013","1","CA25N","900","2001","      Information","Grand Isle, VT ","(D)","(D)","(D)","(D)","(D)","(D)","(D)","(D)","(D)","(D)","(D)"
"50013","1","CA25N","1000","2001","      Finance and insurance","Grand Isle, VT ",24,"(D)","(D)","(D)","(D)","(D)","(D)","(D)","(D)","(D)",46
"50013","1","CA25N","1100","2001","      Real estate and rental and leasing","Grand Isle, VT ","(D)","(D)",120,"(D)","(D)",128,133,143,138,"(D)","(D)"
"50013","1","CA25N","1200","2001","      Professional, scientific, and technical services","Grand Isle, VT ","(D)",148,149,147,163,167,181,177,165,178,181
"50013","1","CA25N","1300","2001","      Management of companies and enterprises","Grand Isle, VT ",0,0,0,0,0,0,0,0,0,0,0
"50013","1","CA25N","1400","2001","      Administrative and waste management services","Grand Isle, VT ","(D)","(D)","(D)","(D)","(D)",127,131,143,145,149,156
"50013","1","CA25N","1500","2001","      Educational services","Grand Isle, VT ","(D)","(D)","(D)","(D)",13,"(D)","(D)","(D)","(D)","(D)","(D)"
"50013","1","CA25N","1600","2001","      Health care and social assistance","Grand Isle, VT ","(D)","(D)","(D)","(D)","(D)","(D)","(D)",187,179,183,"(D)"
"50013","1","CA25N","1700","2001","      Arts, entertainment, and recreation","Grand Isle, VT ","(D)","(D)","(D)","(D)","(D)","(D)","(D)",76,69,"(D)","(D)"
"50013","1","CA25N","1800","2001","      Accommodation and food services","Grand Isle, VT ","(D)",164,175,"(D)","(D)",149,164,"(D)","(D)","(D)","(D)"
"50013","1","CA25N","1900","2001","      Other services, except public administration","Grand Isle, VT ",172,178,197,187,196,218,233,227,224,211,210
"50013","1","CA25N","2000","2001","    Government and government enterprises","Grand Isle, VT ",337,347,352,374,386,382,384,362,362,366,363
"50013","1","CA25N","2001","2001","      Federal, civilian","Grand Isle, VT ",24,24,25,24,25,26,23,22,22,27,18
"50013","1","CA25N","2002","2001","      Military","Grand Isle, VT ",51,51,53,52,48,47,48,46,46,47,47
"50013","1","CA25N","2010","2001","      State and local","Grand Isle, VT ",262,272,274,298,313,309,313,294,294,292,298
"50013","1","CA25N","2011","2001","        State government","Grand Isle, VT ","(D)","(D)","(D)","(D)","(D)","(D)","(D)","(D)","(D)","(D)","(D)"
"50013","1","CA25N","2012","2001","        Local government","Grand Isle, VT ","(D)","(D)","(D)","(D)","(D)","(D)","(D)","(D)","(D)","(D)","(D)"
"50015","1","CA25N","10","2001","Total employment","Lamoille, VT ",14928,15305,15330,15702,16229,16421,16608,16463,16030,16120,16419
"50015","1","CA25N","20","2001","  Wage and salary employment","Lamoille, VT ",11233,11455,11426,11556,11975,12152,12132,12010,11562,11732,11987
"50015","1","CA25N","40","2001","  Proprietors employment","Lamoille, VT ",3695,3850,3904,4146,4254,4269,4476,4453,4468,4388,4432
"50015","1","CA25N","50","2001","    Farm proprietors employment","Lamoille, VT ",333,342,313,291,274,258,272,275,273,275,275
"50015","1","CA25N","60","2001","    Nonfarm proprietors employment 2/","Lamoille, VT ",3362,3508,3591,3855,3980,4011,4204,4178,4195,4113,4157
"50015","1","CA25N","70","2001","  Farm employment","Lamoille, VT ",410,419,395,362,345,325,340,349,345,347,351
"50015","1","CA25N","80","2001","  Nonfarm employment","Lamoille, VT ",14518,14886,14935,15340,15884,16096,16268,16114,15685,15773,16068
"50015","1","CA25N","90","2001","    Private nonfarm employment","Lamoille, VT ",12759,13178,13180,13554,14069,14264,14421,14281,13862,13959,14273
"50015","1","CA25N","100","2001","      Forestry, fishing, and related activities","Lamoille, VT ",145,147,124,118,"(D)",130,138,"(D)",202,"(D)","(D)"
"50015","1","CA25N","200","2001","      Mining","Lamoille, VT ",23,18,20,19,"(D)",20,24,"(D)",32,"(D)","(D)"
"50015","1","CA25N","300","2001","      Utilities","Lamoille, VT ","(D)","(D)","(D)","(D)","(D)","(D)","(D)","(D)","(D)","(D)","(D)"
"50015","1","CA25N","400","2001","      Construction","Lamoille, VT ",1350,1405,1408,1495,1641,1655,1610,1496,1396,1367,1356
"50015","1","CA25N","500","2001","      Manufacturing","Lamoille, VT ",914,944,861,"(D)","(D)",822,854,725,654,627,652
"50015","1","CA25N","600","2001","      Wholesale trade","Lamoille, VT ","(D)","(D)","(D)","(D)","(D)","(D)",219,225,228,243,265
"50015","1","CA25N","700","2001","      Retail trade","Lamoille, VT ",1831,1899,1845,1875,1893,1862,1843,1820,1767,1726,1694
"50015","1","CA25N","800","2001","      Transportation and warehousing","Lamoille, VT ",196,184,194,191,178,"(D)","(D)","(D)","(D)","(D)","(D)"
"50015","1","CA25N","900","2001","      Information","Lamoille, VT ",136,139,155,156,162,152,164,169,147,153,169
"50015","1","CA25N","1000","2001","      Finance and insurance","Lamoille, VT ",264,282,291,283,306,311,338,336,330,335,342
"50015","1","CA25N","1100","2001","      Real estate and rental and leasing","Lamoille, VT ",438,450,469,514,612,624,649,677,633,636,645
"50015","1","CA25N","1200","2001","      Professional, scientific, and technical services","Lamoille, VT ",662,650,666,758,758,864,925,931,943,896,893
"50015","1","CA25N","1300","2001","      Management of companies and enterprises","Lamoille, VT ",0,0,0,0,0,0,0,0,"(D)","(D)","(D)"
"50015","1","CA25N","1400","2001","      Administrative and waste management services","Lamoille, VT ",499,534,498,567,588,624,679,728,"(D)","(D)","(D)"
"50015","1","CA25N","1500","2001","      Educational services","Lamoille, VT ","(D)","(D)","(D)","(D)",309,291,298,277,260,294,303
"50015","1","CA25N","1600","2001","      Health care and social assistance","Lamoille, VT ",1603,1691,1728,1742,1916,1961,1978,1955,1993,2058,2087
"50015","1","CA25N","1700","2001","      Arts, entertainment, and recreation","Lamoille, VT ",272,308,331,344,332,363,388,374,358,364,399
"50015","1","CA25N","1800","2001","      Accommodation and food services","Lamoille, VT ",3037,3031,3011,2948,3015,3059,2982,3060,2911,3065,3178
"50015","1","CA25N","1900","2001","      Other services, except public administration","Lamoille, VT ",900,977,1049,1055,1068,1056,1072,1063,1078,1036,1048
"50015","1","CA25N","2000","2001","    Government and government enterprises","Lamoille, VT ",1759,1708,1755,1786,1815,1832,1847,1833,1823,1814,1795
"50015","1","CA25N","2001","2001","      Federal, civilian","Lamoille, VT ",74,78,79,77,73,71,67,73,75,77,64
"50015","1","CA25N","2002","2001","      Military","Lamoille, VT ",168,168,171,166,156,154,159,154,157,165,166
"50015","1","CA25N","2010","2001","      State and local","Lamoille, VT ",1517,1462,1505,1543,1586,1607,1621,1606,1591,1572,1565
"50015","1","CA25N","2011","2001","        State government","Lamoille, VT ",471,406,383,410,422,428,452,423,405,414,407
"50015","1","CA25N","2012","2001","        Local government","Lamoille, VT ",1046,1056,1122,1133,1164,1179,1169,1183,1186,1158,1158
"50017","1","CA25N","10","2001","Total employment","Orange, VT ",13778,14194,14259,14385,14515,14701,14924,14669,14340,14194,14187
"50017","1","CA25N","20","2001","  Wage and salary employment","Orange, VT ",8713,9025,8937,8784,8816,8996,8964,8738,8510,8452,8414
"50017","1","CA25N","40","2001","  Proprietors employment","Orange, VT ",5065,5169,5322,5601,5699,5705,5960,5931,5830,5742,5773
"50017","1","CA25N","50","2001","    Farm proprietors employment","Orange, VT ",689,726,680,641,616,593,639,640,637,638,640
"50017","1","CA25N","60","2001","    Nonfarm proprietors employment 2/","Orange, VT ",4376,4443,4642,4960,5083,5112,5321,5291,5193,5104,5133
"50017","1","CA25N","70","2001","  Farm employment","Orange, VT ",922,977,934,848,813,770,806,823,814,815,828
"50017","1","CA25N","80","2001","  Nonfarm employment","Orange, VT ",12856,13217,13325,13537,13702,13931,14118,13846,13526,13379,13359
"50017","1","CA25N","90","2001","    Private nonfarm employment","Orange, VT ",10710,11029,11176,11397,11582,11694,11872,11681,11377,11173,11186
"50017","1","CA25N","100","2001","      Forestry, fishing, and related activities","Orange, VT ",281,310,"(D)","(D)","(D)",300,303,324,296,299,298
"50017","1","CA25N","200","2001","      Mining","Orange, VT ",46,35,"(D)","(D)","(D)",38,50,36,25,32,38
"50017","1","CA25N","300","2001","      Utilities","Orange, VT ",20,24,30,32,"(D)","(D)","(D)","(D)","(D)","(D)","(D)"
"50017","1","CA25N","400","2001","      Construction","Orange, VT ",1326,1391,1471,1575,1710,1750,1723,1632,1554,1465,1418
"50017","1","CA25N","500","2001","      Manufacturing","Orange, VT ",1205,1166,1006,981,986,931,897,819,812,840,845
"50017","1","CA25N","600","2001","      Wholesale trade","Orange, VT ",461,452,397,374,347,371,450,450,412,391,395
"50017","1","CA25N","700","2001","      Retail trade","Orange, VT ",1383,1355,1437,1481,1491,1567,1488,1390,1307,1234,1236
"50017","1","CA25N","800","2001","      Transportation and warehousing","Orange, VT ",224,259,261,263,"(D)","(D)","(D)","(D)","(D)","(D)","(D)"
"50017","1","CA25N","900","2001","      Information","Orange, VT ",132,153,154,145,147,139,147,142,145,149,148
"50017","1","CA25N","1000","2001","      Finance and insurance","Orange, VT ",301,305,289,300,289,287,323,340,353,338,355
"50017","1","CA25N","1100","2001","      Real estate and rental and leasing","Orange, VT ",312,290,303,322,371,378,394,398,399,444,442
"50017","1","CA25N","1200","2001","      Professional, scientific, and technical services","Orange, VT ",782,776,800,858,925,887,898,874,853,855,868
"50017","1","CA25N","1300","2001","      Management of companies and enterprises","Orange, VT ",0,0,0,0,0,0,0,"(D)","(D)","(D)","(D)"
"50017","1","CA25N","1400","2001","      Administrative and waste management services","Orange, VT ",479,496,520,530,501,544,578,"(D)","(D)","(D)","(D)"
"50017","1","CA25N","1500","2001","      Educational services","Orange, VT ",265,310,304,335,346,348,348,343,378,367,405
"50017","1","CA25N","1600","2001","      Health care and social assistance","Orange, VT ",1478,1580,1661,1701,1715,1748,1854,1907,1889,1867,1898
"50017","1","CA25N","1700","2001","      Arts, entertainment, and recreation","Orange, VT ",365,366,364,395,400,403,419,423,395,424,411
"50017","1","CA25N","1800","2001","      Accommodation and food services","Orange, VT ",808,822,849,779,721,703,702,704,673,616,652
"50017","1","CA25N","1900","2001","      Other services, except public administration","Orange, VT ",842,939,1023,1014,1006,1008,1019,999,990,972,965
"50017","1","CA25N","2000","2001","    Government and government enterprises","Orange, VT ",2146,2188,2149,2140,2120,2237,2246,2165,2149,2206,2173
"50017","1","CA25N","2001","2001","      Federal, civilian","Orange, VT ",97,97,100,97,98,101,101,100,100,107,90
"50017","1","CA25N","2002","2001","      Military","Orange, VT ",204,202,205,199,184,182,183,187,188,195,195
"50017","1","CA25N","2010","2001","      State and local","Orange, VT ",1845,1889,1844,1844,1838,1954,1962,1878,1861,1904,1888
"50017","1","CA25N","2011","2001","        State government","Orange, VT ",450,473,453,462,470,514,522,459,454,469,473
"50017","1","CA25N","2012","2001","        Local government","Orange, VT ",1395,1416,1391,1382,1368,1440,1440,1419,1407,1435,1415
"50019","1","CA25N","10","2001","Total employment","Orleans, VT ",14727,14961,15201,15491,15599,15611,15712,15915,15671,15615,15837
"50019","1","CA25N","20","2001","  Wage and salary employment","Orleans, VT ",10404,10463,10627,10821,10826,10910,10870,10922,10705,10647,10838
"50019","1","CA25N","40","2001","  Proprietors employment","Orleans, VT ",4323,4498,4574,4670,4773,4701,4842,4993,4966,4968,4999
"50019","1","CA25N","50","2001","    Farm proprietors employment","Orleans, VT ",619,625,600,575,562,549,600,601,598,600,600
"50019","1","CA25N","60","2001","    Nonfarm proprietors employment 2/","Orleans, VT ",3704,3873,3974,4095,4211,4152,4242,4392,4368,4368,4399
"50019","1","CA25N","70","2001","  Farm employment","Orleans, VT ",985,1016,976,864,821,766,792,809,800,802,814
"50019","1","CA25N","80","2001","  Nonfarm employment","Orleans, VT ",13742,13945,14225,14627,14778,14845,14920,15106,14871,14813,15023
"50019","1","CA25N","90","2001","    Private nonfarm employment","Orleans, VT ",11700,11899,12125,12481,12540,12527,12589,12821,12584,12543,12778
"50019","1","CA25N","100","2001","      Forestry, fishing, and related activities","Orleans, VT ","(D)","(D)","(D)",319,362,351,356,"(D)","(D)","(D)","(D)"
"50019","1","CA25N","200","2001","      Mining","Orleans, VT ","(D)","(D)","(D)",10,"(L)",10,15,"(D)","(D)","(D)","(D)"
"50019","1","CA25N","300","2001","      Utilities","Orleans, VT ","(D)","(D)","(D)","(D)","(D)","(D)","(D)","(D)",24,21,21
"50019","1","CA25N","400","2001","      Construction","Orleans, VT ",1146,1193,1198,1335,1396,1385,1348,1363,1287,1257,1272
"50019","1","CA25N","500","2001","      Manufacturing","Orleans, VT ",2055,1860,1835,1816,1755,1647,1641,1595,1376,1220,1397
"50019","1","CA25N","600","2001","      Wholesale trade","Orleans, VT ","(D)",328,322,356,329,364,369,318,311,327,319
"50019","1","CA25N","700","2001","      Retail trade","Orleans, VT ",1698,1675,1706,1690,1712,1810,1813,1962,1938,1860,1787
"50019","1","CA25N","800","2001","      Transportation and warehousing","Orleans, VT ","(D)","(D)","(D)","(D)","(D)","(D)","(D)","(D)",423,434,469
"50019","1","CA25N","900","2001","      Information","Orleans, VT ",135,119,114,109,118,115,113,125,125,132,138
"50019","1","CA25N","1000","2001","      Finance and insurance","Orleans, VT ",314,352,347,353,351,359,392,400,396,410,411
"50019","1","CA25N","1100","2001","      Real estate and rental and leasing","Orleans, VT ",362,378,383,457,529,521,505,485,503,581,589
"50019","1","CA25N","1200","2001","      Professional, scientific, and technical services","Orleans, VT ",441,410,440,472,472,445,465,478,462,"(D)","(D)"
"50019","1","CA25N","1300","2001","      Management of companies and enterprises","Orleans, VT ",0,0,0,0,0,0,0,0,0,"(D)","(D)"
"50019","1","CA25N","1400","2001","      Administrative and waste management services","Orleans, VT ",263,323,362,375,417,471,479,527,612,597,549
"50019","1","CA25N","1500","2001","      Educational services","Orleans, VT ",286,345,388,350,334,331,284,256,297,286,300
"50019","1","CA25N","1600","2001","      Health care and social assistance","Orleans, VT ",1901,2037,2113,2175,2031,2066,2156,2255,2223,2220,2217
"50019","1","CA25N","1700","2001","      Arts, entertainment, and recreation","Orleans, VT ",171,180,196,236,224,204,254,256,280,342,343
"50019","1","CA25N","1800","2001","      Accommodation and food services","Orleans, VT ",903,921,938,974,995,938,879,921,957,1007,1112
"50019","1","CA25N","1900","2001","      Other services, except public administration","Orleans, VT ",888,972,1063,1044,1078,1074,1068,1034,992,994,1007
"50019","1","CA25N","2000","2001","    Government and government enterprises","Orleans, VT ",2042,2046,2100,2146,2238,2318,2331,2285,2287,2270,2245
"50019","1","CA25N","2001","2001","      Federal, civilian","Orleans, VT ",190,200,236,249,250,245,236,241,267,275,252
"50019","1","CA25N","2002","2001","      Military","Orleans, VT ",189,187,191,186,174,170,172,175,177,183,183
"50019","1","CA25N","2010","2001","      State and local","Orleans, VT ",1663,1659,1673,1711,1814,1903,1923,1869,1843,1812,1810
"50019","1","CA25N","2011","2001","        State government","Orleans, VT ",360,337,340,362,364,429,434,383,383,378,378
"50019","1","CA25N","2012","2001","        Local government","Orleans, VT ",1303,1322,1333,1349,1450,1474,1489,1486,1460,1434,1432
"50021","1","CA25N","10","2001","Total employment","Rutland, VT ",38224,38428,38431,39272,39948,40073,40530,39834,38484,38151,37915
"50021","1","CA25N","20","2001","  Wage and salary employment","Rutland, VT ",31090,31103,30878,31545,31891,31901,31868,31519,30083,29922,29620
"50021","1","CA25N","40","2001","  Proprietors employment","Rutland, VT ",7134,7325,7553,7727,8057,8172,8662,8315,8401,8229,8295
"50021","1","CA25N","50","2001","    Farm proprietors employment","Rutland, VT ",619,644,607,573,549,525,558,566,563,564,564
"50021","1","CA25N","60","2001","    Nonfarm proprietors employment 2/","Rutland, VT ",6515,6681,6946,7154,7508,7647,8104,7749,7838,7665,7731
"50021","1","CA25N","70","2001","  Farm employment","Rutland, VT ",820,850,817,746,715,676,703,724,715,716,725
"50021","1","CA25N","80","2001","  Nonfarm employment","Rutland, VT ",37404,37578,37614,38526,39233,39397,39827,39110,37769,37435,37190
"50021","1","CA25N","90","2001","    Private nonfarm employment","Rutland, VT ",32569,32581,32720,33613,34315,34536,34994,34181,32717,32262,32240
"50021","1","CA25N","100","2001","      Forestry, fishing, and related activities","Rutland, VT ",180,180,152,176,188,187,194,183,183,179,172
"50021","1","CA25N","200","2001","      Mining","Rutland, VT ",559,488,457,464,408,544,574,542,447,385,372
"50021","1","CA25N","300","2001","      Utilities","Rutland, VT ","(D)","(D)","(D)","(D)","(D)","(D)","(D)","(D)","(D)","(D)","(D)"
"50021","1","CA25N","400","2001","      Construction","Rutland, VT ",2591,2685,2903,3058,3183,3262,3208,2845,2623,2563,2533
"50021","1","CA25N","500","2001","      Manufacturing","Rutland, VT ",4524,4210,3982,4025,4120,3989,4023,3833,3298,3110,3279
"50021","1","CA25N","600","2001","      Wholesale trade","Rutland, VT ",1121,1079,1056,981,"(D)","(D)","(D)",1093,1109,1085,"(D)"
"50021","1","CA25N","700","2001","      Retail trade","Rutland, VT ",5072,5147,5221,5377,5414,5406,5484,5335,5016,4905,4835
"50021","1","CA25N","800","2001","      Transportation and warehousing","Rutland, VT ","(D)","(D)","(D)","(D)","(D)","(D)","(D)","(D)","(D)","(D)","(D)"
"50021","1","CA25N","900","2001","      Information","Rutland, VT ",570,545,536,547,582,515,472,432,384,385,405
"50021","1","CA25N","1000","2001","      Finance and insurance","Rutland, VT ",885,828,843,912,933,924,990,991,1000,970,994
"50021","1","CA25N","1100","2001","      Real estate and rental and leasing","Rutland, VT ",990,1012,997,1044,1146,1176,1209,1374,1379,1387,1410
"50021","1","CA25N","1200","2001","      Professional, scientific, and technical services","Rutland, VT ",1765,1676,1713,1744,"(D)","(D)","(D)",1524,1447,1467,1465
"50021","1","CA25N","1300","2001","      Management of companies and enterprises","Rutland, VT ","(D)","(D)","(D)","(D)","(D)","(D)","(D)",126,146,193,230
"50021","1","CA25N","1400","2001","      Administrative and waste management services","Rutland, VT ","(D)","(D)","(D)","(D)","(D)","(D)",1665,1575,1475,1439,1523
"50021","1","CA25N","1500","2001","      Educational services","Rutland, VT ",671,696,668,708,733,925,925,934,933,831,766
"50021","1","CA25N","1600","2001","      Health care and social assistance","Rutland, VT ",4247,4446,4606,4712,4824,4803,5091,5229,5372,5561,5620
"50021","1","CA25N","1700","2001","      Arts, entertainment, and recreation","Rutland, VT ",544,579,611,650,694,695,671,672,673,638,642
"50021","1","CA25N","1800","2001","      Accommodation and food services","Rutland, VT ",3937,3905,3744,3737,3814,3863,3748,3750,3564,3489,3248
"50021","1","CA25N","1900","2001","      Other services, except public administration","Rutland, VT ",2054,2237,2392,2382,2370,2370,2390,2295,2278,2313,2353
"50021","1","CA25N","2000","2001","    Government and government enterprises","Rutland, VT ",4835,4997,4894,4913,4918,4861,4833,4929,5052,5173,4950
"50021","1","CA25N","2001","2001","      Federal, civilian","Rutland, VT ",374,382,388,380,380,375,351,329,330,344,309
"50021","1","CA25N","2002","2001","      Military","Rutland, VT ",450,444,449,432,404,398,400,402,402,415,414
"50021","1","CA25N","2010","2001","      State and local","Rutland, VT ",4011,4171,4057,4101,4134,4088,4082,4198,4320,4414,4227
"50021","1","CA25N","2011","2001","        State government","Rutland, VT ",1017,1012,993,1032,1062,1013,1046,1146,1132,1134,1125
"50021","1","CA25N","2012","2001","        Local government","Rutland, VT ",2994,3159,3064,3069,3072,3075,3036,3052,3188,3280,3102
"50023","1","CA25N","10","2001","Total employment","Washington, VT ",43015,43285,43559,44267,44731,45105,45353,45553,44676,44533,44758
"50023","1","CA25N","20","2001","  Wage and salary employment","Washington, VT ",34867,34929,34873,35247,35553,35804,35496,35814,34939,34882,35004
"50023","1","CA25N","40","2001","  Proprietors employment","Washington, VT ",8148,8356,8686,9020,9178,9301,9857,9739,9737,9651,9754
"50023","1","CA25N","50","2001","    Farm proprietors employment","Washington, VT ",425,445,422,401,388,375,404,409,407,407,407
"50023","1","CA25N","60","2001","    Nonfarm proprietors employment 2/","Washington, VT ",7723,7911,8264,8619,8790,8926,9453,9330,9330,9244,9347
"50023","1","CA25N","70","2001","  Farm employment","Washington, VT ",557,576,565,527,517,499,531,547,540,541,549
"50023","1","CA25N","80","2001","  Nonfarm employment","Washington, VT ",42458,42709,42994,43740,44214,44606,44822,45006,44136,43992,44209
"50023","1","CA25N","90","2001","    Private nonfarm employment","Washington, VT ",34146,34268,34430,35234,35683,36266,36398,36395,35857,35794,36044
"50023","1","CA25N","100","2001","      Forestry, fishing, and related activities","Washington, VT ",192,225,189,200,219,214,222,251,231,218,214
"50023","1","CA25N","200","2001","      Mining","Washington, VT ",201,168,170,166,170,171,186,111,133,174,207
"50023","1","CA25N","300","2001","      Utilities","Washington, VT ","(D)",94,100,105,120,125,134,140,135,144,140
"50023","1","CA25N","400","2001","      Construction","Washington, VT ",2329,2327,2468,2693,2757,2818,2770,2743,2677,2456,2482
"50023","1","CA25N","500","2001","      Manufacturing","Washington, VT ",3978,3357,3184,3263,3137,2918,2910,2833,2722,2788,2691
"50023","1","CA25N","600","2001","      Wholesale trade","Washington, VT ",1168,1181,1120,1125,1156,1304,1399,1401,1403,1365,1414
"50023","1","CA25N","700","2001","      Retail trade","Washington, VT ",4925,4891,4915,5010,5042,4979,5049,5063,4960,4783,4799
"50023","1","CA25N","800","2001","      Transportation and warehousing","Washington, VT ","(D)",739,660,644,784,793,778,777,786,794,770
"50023","1","CA25N","900","2001","      Information","Washington, VT ",879,824,827,768,775,758,721,768,764,732,703
"50023","1","CA25N","1000","2001","      Finance and insurance","Washington, VT ",2862,2818,2823,2676,2659,2758,2793,2885,2927,2911,2911
"50023","1","CA25N","1100","2001","      Real estate and rental and leasing","Washington, VT ",948,926,920,991,1083,1094,1138,1055,1063,1084,1090
"50023","1","CA25N","1200","2001","      Professional, scientific, and technical services","Washington, VT ",2254,2370,2408,2504,2533,2615,2736,2609,2467,2499,2566
"50023","1","CA25N","1300","2001","      Management of companies and enterprises","Washington, VT ",65,42,"(D)","(D)","(D)","(D)","(D)",68,72,88,262
"50023","1","CA25N","1400","2001","      Administrative and waste management services","Washington, VT ",1125,1234,"(D)","(D)","(D)","(D)","(D)",1456,1444,1422,1374
"50023","1","CA25N","1500","2001","      Educational services","Washington, VT ",2118,2317,2300,2358,2377,2470,2339,2293,2276,2430,2459
"50023","1","CA25N","1600","2001","      Health care and social assistance","Washington, VT ",4287,4577,4795,5044,5116,5259,5417,5397,5449,5425,5374
"50023","1","CA25N","1700","2001","      Arts, entertainment, and recreation","Washington, VT ",847,950,973,953,974,981,991,996,1011,1103,1112
"50023","1","CA25N","1800","2001","      Accommodation and food services","Washington, VT ",2697,2720,2720,2752,2845,3041,2810,2876,2684,2763,2869
"50023","1","CA25N","1900","2001","      Other services, except public administration","Washington, VT ",2410,2508,2606,2730,2640,2665,2657,2673,2653,2615,2607
"50023","1","CA25N","2000","2001","    Government and government enterprises","Washington, VT ",8312,8441,8564,8506,8531,8340,8424,8611,8279,8198,8165
"50023","1","CA25N","2001","2001","      Federal, civilian","Washington, VT ",313,307,313,295,286,301,306,304,300,308,275
"50023","1","CA25N","2002","2001","      Military","Washington, VT ",459,457,460,448,420,412,410,431,438,449,443
"50023","1","CA25N","2010","2001","      State and local","Washington, VT ",7540,7677,7791,7763,7825,7627,7708,7876,7541,7441,7447
"50023","1","CA25N","2011","2001","        State government","Washington, VT ",4888,4932,4992,5049,5075,4872,4952,5130,4823,4716,4712
"50023","1","CA25N","2012","2001","        Local government","Washington, VT ",2652,2745,2799,2714,2750,2755,2756,2746,2718,2725,2735
"50025","1","CA25N","10","2001","Total employment","Windham, VT ",33069,33667,33368,33863,33991,33713,33972,33703,32993,33275,33337
"50025","1","CA25N","20","2001","  Wage and salary employment","Windham, VT ",25271,25626,25054,25258,25060,24727,24614,24343,23591,24069,24036
"50025","1","CA25N","40","2001","  Proprietors employment","Windham, VT ",7798,8041,8314,8605,8931,8986,9358,9360,9402,9206,9301
"50025","1","CA25N","50","2001","    Farm proprietors employment","Windham, VT ",377,394,375,358,348,339,369,369,367,369,369
"50025","1","CA25N","60","2001","    Nonfarm proprietors employment 2/","Windham, VT ",7421,7647,7939,8247,8583,8647,8989,8991,9035,8837,8932
"50025","1","CA25N","70","2001","  Farm employment","Windham, VT ",560,584,556,497,472,442,459,467,461,463,469
"50025","1","CA25N","80","2001","  Nonfarm employment","Windham, VT ",32509,33083,32812,33366,33519,33271,33513,33236,32532,32812,32868
"50025","1","CA25N","90","2001","    Private nonfarm employment","Windham, VT ",29511,29957,29662,30055,30275,30032,30285,30019,29273,29501,29554
"50025","1","CA25N","100","2001","      Forestry, fishing, and related activities","Windham, VT ","(D)","(D)","(D)","(D)","(D)","(D)","(D)","(D)","(D)","(D)","(D)"
"50025","1","CA25N","200","2001","      Mining","Windham, VT ","(D)","(D)","(D)","(D)","(D)","(D)","(D)","(D)","(D)","(D)","(D)"
"50025","1","CA25N","300","2001","      Utilities","Windham, VT ","(D)",510,"(D)","(D)","(D)","(D)","(D)","(D)","(D)","(D)","(D)"
"50025","1","CA25N","400","2001","      Construction","Windham, VT ",2284,2238,2356,2549,2745,2777,2855,2690,2476,2534,2425
"50025","1","CA25N","500","2001","      Manufacturing","Windham, VT ",2849,2825,2553,2520,2517,2437,2360,2363,2143,2114,2189
"50025","1","CA25N","600","2001","      Wholesale trade","Windham, VT ",1749,1838,1843,1855,1656,1656,1527,1342,1293,1281,1329
"50025","1","CA25N","700","2001","      Retail trade","Windham, VT ",3744,3708,3569,3629,3708,3647,3650,3516,3305,3175,3140
"50025","1","CA25N","800","2001","      Transportation and warehousing","Windham, VT ","(D)",870,"(D)","(D)","(D)","(D)","(D)","(D)","(D)","(D)","(D)"
"50025","1","CA25N","900","2001","      Information","Windham, VT ",522,511,498,488,480,458,465,452,457,449,413
"50025","1","CA25N","1000","2001","      Finance and insurance","Windham, VT ",872,848,856,848,857,848,907,865,886,856,880
"50025","1","CA25N","1100","2001","      Real estate and rental and leasing","Windham, VT ",1080,1059,1129,1197,1290,1285,1327,1360,1304,1381,1394
"50025","1","CA25N","1200","2001","      Professional, scientific, and technical services","Windham, VT ","(D)","(D)","(D)","(D)","(D)","(D)","(D)","(D)","(D)",1678,1656
"50025","1","CA25N","1300","2001","      Management of companies and enterprises","Windham, VT ","(D)","(D)","(D)","(D)","(D)","(D)","(D)","(D)","(D)","(D)","(D)"
"50025","1","CA25N","1400","2001","      Administrative and waste management services","Windham, VT ",1269,1375,1338,1407,1280,1330,1375,1367,1365,"(D)","(D)"
"50025","1","CA25N","1500","2001","      Educational services","Windham, VT ",2426,2549,2426,2548,2641,2697,2697,2682,2652,2743,2824
"50025","1","CA25N","1600","2001","      Health care and social assistance","Windham, VT ",3071,3143,3352,3403,3485,3462,3562,3635,3757,3855,3875
"50025","1","CA25N","1700","2001","      Arts, entertainment, and recreation","Windham, VT ",841,912,908,943,959,960,983,1018,1018,1050,1049
"50025","1","CA25N","1800","2001","      Accommodation and food services","Windham, VT ",3672,3706,3702,3565,3486,3364,3310,3462,3419,3446,3322
"50025","1","CA25N","1900","2001","      Other services, except public administration","Windham, VT ",1703,1826,1930,1925,1963,1972,2017,1966,1939,1886,1918
"50025","1","CA25N","2000","2001","    Government and government enterprises","Windham, VT ",2998,3126,3150,3311,3244,3239,3228,3217,3259,3311,3314
"50025","1","CA25N","2001","2001","      Federal, civilian","Windham, VT ",182,180,185,180,180,185,174,174,176,194,154
"50025","1","CA25N","2002","2001","      Military","Windham, VT ",313,310,313,301,278,273,275,285,288,299,298
"50025","1","CA25N","2010","2001","      State and local","Windham, VT ",2503,2636,2652,2830,2786,2781,2779,2758,2795,2818,2862
"50025","1","CA25N","2011","2001","        State government","Windham, VT ",190,180,178,282,283,325,332,327,326,321,325
"50025","1","CA25N","2012","2001","        Local government","Windham, VT ",2313,2456,2474,2548,2503,2456,2447,2431,2469,2497,2537
"50027","1","CA25N","10","2001","Total employment","Windsor, VT ",33533,33664,34294,35040,35505,35840,36462,36247,35545,34818,34953
"50027","1","CA25N","20","2001","  Wage and salary employment","Windsor, VT ",25119,24995,25362,25753,26022,26225,26278,26190,25292,25026,25078
"50027","1","CA25N","40","2001","  Proprietors employment","Windsor, VT ",8414,8669,8932,9287,9483,9615,10184,10057,10253,9792,9875
"50027","1","CA25N","50","2001","    Farm proprietors employment","Windsor, VT ",663,690,671,647,640,627,691,690,687,689,690
"50027","1","CA25N","60","2001","    Nonfarm proprietors employment 2/","Windsor, VT ",7751,7979,8261,8640,8843,8988,9493,9367,9566,9103,9185
"50027","1","CA25N","70","2001","  Farm employment","Windsor, VT ",860,908,903,847,840,817,881,896,887,889,902
"50027","1","CA25N","80","2001","  Nonfarm employment","Windsor, VT ",32673,32756,33391,34193,34665,35023,35581,35351,34658,33929,34051
"50027","1","CA25N","90","2001","    Private nonfarm employment","Windsor, VT ",27484,27592,28164,28996,29435,29653,30236,30024,29253,28481,28687
"50027","1","CA25N","100","2001","      Forestry, fishing, and related activities","Windsor, VT ","(D)",340,303,309,323,308,"(D)","(D)","(D)",292,284
"50027","1","CA25N","200","2001","      Mining","Windsor, VT ",154,129,134,85,89,93,"(D)","(D)","(D)",58,65
"50027","1","CA25N","300","2001","      Utilities","Windsor, VT ",90,92,91,85,85,82,77,81,77,77,78
"50027","1","CA25N","400","2001","      Construction","Windsor, VT ",2765,2757,2870,3131,3352,3398,3327,3081,2846,2716,2648
"50027","1","CA25N","500","2001","      Manufacturing","Windsor, VT ",3058,2708,2564,2636,2592,2575,2642,2570,2277,2124,2112
"50027","1","CA25N","600","2001","      Wholesale trade","Windsor, VT ",641,617,807,847,902,925,892,863,781,800,922
"50027","1","CA25N","700","2001","      Retail trade","Windsor, VT ",3734,3768,3578,3671,3628,3621,3503,3350,3244,3088,3020
"50027","1","CA25N","800","2001","      Transportation and warehousing","Windsor, VT ",682,686,694,757,864,884,863,836,856,839,762
"50027","1","CA25N","900","2001","      Information","Windsor, VT ",808,793,803,755,740,742,728,689,657,657,658
"50027","1","CA25N","1000","2001","      Finance and insurance","Windsor, VT ",701,686,733,803,768,777,843,838,889,845,858
"50027","1","CA25N","1100","2001","      Real estate and rental and leasing","Windsor, VT ",1057,1113,1122,1160,1177,1235,1335,1429,1394,1522,1556
"50027","1","CA25N","1200","2001","      Professional, scientific, and technical services","Windsor, VT ",2097,2110,2182,2383,2472,2514,2635,2697,2762,2651,2460
"50027","1","CA25N","1300","2001","      Management of companies and enterprises","Windsor, VT ",19,"(D)","(D)","(D)","(D)","(D)","(D)","(D)",45,57,121
"50027","1","CA25N","1400","2001","      Administrative and waste management services","Windsor, VT ","(D)","(D)","(D)","(D)","(D)","(D)","(D)","(D)",1422,1380,1481
"50027","1","CA25N","1500","2001","      Educational services","Windsor, VT ",613,689,710,706,706,746,754,791,801,842,893
"50027","1","CA25N","1600","2001","      Health care and social assistance","Windsor, VT ",3273,3444,3651,3502,3523,3601,3851,4001,3925,3733,3987
"50027","1","CA25N","1700","2001","      Arts, entertainment, and recreation","Windsor, VT ",833,844,894,921,967,987,1022,1116,1157,1106,1084
"50027","1","CA25N","1800","2001","      Accommodation and food services","Windsor, VT ",3376,3306,3335,3425,3480,3322,3370,3316,3203,3320,3299
"50027","1","CA25N","1900","2001","      Other services, except public administration","Windsor, VT ",2133,2284,2439,2487,2458,2473,2556,2523,2480,2374,2399
"50027","1","CA25N","2000","2001","    Government and government enterprises","Windsor, VT ",5189,5164,5227,5197,5230,5370,5345,5327,5405,5448,5364
"50027","1","CA25N","2001","2001","      Federal, civilian","Windsor, VT ",1367,1325,1324,1341,1336,1332,1330,1351,1412,1427,1390
"50027","1","CA25N","2002","2001","      Military","Windsor, VT ",415,412,416,402,372,366,368,373,376,388,389
"50027","1","CA25N","2010","2001","      State and local","Windsor, VT ",3407,3427,3487,3454,3522,3672,3647,3603,3617,3633,3585
"50027","1","CA25N","2011","2001","        State government","Windsor, VT ",662,639,644,648,650,787,798,716,698,675,673
"50027","1","CA25N","2012","2001","        Local government","Windsor, VT ",2745,2788,2843,2806,2872,2885,2849,2887,2919,2958,2912
"Note: See the included footnote file."
"Source: U.S. Department of Commerce, Bureau of Economic Analysis, Regional Income Division  --  November 2012"
